[{"model": "products.products", "pk": 1, "fields": {"name": "Плитка гранитная black", "slyg": "plitka-granitnaya-black", "desc": "Плита из гранита. Черный цвет. Размер 600 * 300 * 18 мм.", "img": "products_images/blackgranitt.jpg", "price": "150.00", "descount": "0.00", "quntity": 100, "category": 5}}, {"model": "products.products", "pk": 2, "fields": {"name": "Плитка гранитная white", "slyg": "plitka-granitnaya-white", "desc": "Плита из гранита. Белый цвет. Размер 600 * 300 * 18 мм.", "img": "products_images/whitegranitt.jpg", "price": "150.00", "descount": "0.00", "quntity": 100, "category": 5}}, {"model": "products.products", "pk": 3, "fields": {"name": "Плитка гранитная emerald", "slyg": "plitka-granitnaya-emerald", "desc": "Плита из гранита. Зеленый цвет. Размер 600 * 300 * 18 мм.", "img": "products_images/emeraldgranit.jpg", "price": "150.00", "descount": "0.00", "quntity": 100, "category": 5}}, {"model": "products.products", "pk": 4, "fields": {"name": "Плитка мраморная cream", "slyg": "plitka-mramornaya-cream", "desc": "Плитка из мрамора. Белый кремовый цвет. Размер 600 * 300 * 18 мм.", "img": "products_images/creammarble.jpg", "price": "300.00", "descount": "0.00", "quntity": 100, "category": 6}}, {"model": "products.products", "pk": 5, "fields": {"name": "Плитка мраморная nero black", "slyg": "plitka-mramornaya-nero-black", "desc": "Плитка из мрамора. Черный матовый цвет. Размер 600 * 300 * 18 мм.", "img": "products_images/neromarble.jpg", "price": "350.00", "descount": "0.00", "quntity": 100, "category": 6}}, {"model": "products.products", "pk": 6, "fields": {"name": "Плитка мраморная rosa", "slyg": "plitka-mramornaya-rosa", "desc": "Плитка из мрамора. Розовый цвет. Размер 600 * 300 * 18 мм.", "img": "products_images/rosemarble.jpg", "price": "300.00", "descount": "0.00", "quntity": 100, "category": 6}}, {"model": "products.products", "pk": 7, "fields": {"name": "Плитка мраморная sunny", "slyg": "plitka-mramornaya-sunny", "desc": "Плита из мрамора. Желтый цвет. Размер 600 * 300 * 18 мм.", "img": "products_images/sunnymarble.jpg", "price": "300.00", "descount": "0.00", "quntity": 100, "category": 6}}, {"model": "products.products", "pk": 8, "fields": {"name": "Плитка мраморная indian green", "slyg": "plitka-mramornaya-indian-green", "desc": "Плитка из мрамора. Ярко-зеленый цвет. Размер 600 * 300 * 18 мм.", "img": "", "price": "400.00", "descount": "0.00", "quntity": 100, "category": 6}}, {"model": "products.products", "pk": 9, "fields": {"name": "Плитка мраморная brown", "slyg": "plitka-mramornaya-brown", "desc": "Плитка из мрамора. Коричневый цвет. Размер 600 * 300 * 18 мм.", "img": "products_images/brownmarble.jpg", "price": "250.00", "descount": "10.00", "quntity": 100, "category": 6}}, {"model": "products.products", "pk": 10, "fields": {"name": "Плитка ониксовая orange", "slyg": "plitka-oniksovaya-orange", "desc": "Плита из оникса. Оранжевый цвет. Размер 600 * 300 * 18 мм.", "img": "products_images/orangeonyx.jpg", "price": "400.00", "descount": "0.00", "quntity": 100, "category": 7}}, {"model": "products.products", "pk": 11, "fields": {"name": "Плитка ониксовая white", "slyg": "plitka-oniksovaya-white", "desc": "Плита из оникса. Белый цвет. Размер 600 * 300 * 18 мм.", "img": "products_images/whiteonyx.jpg", "price": "400.00", "descount": "0.00", "quntity": 10, "category": 7}}]